ad_id,breed,audience,country_group,clicks,impressions,users,costs
SFz8962b5gF9Z9WrglXpkSkLcZ0gVWsPGR0raDDGmPU=,breed_2,Male,Other,6181,108446,254,7381.01
XBY7gLyoZYUHnwrcb7CQXsXaQrL1VAaXxAR0C9ABqC0=,breed_1,Male,Tier1,1035,128367,151,5686.12
/krLoIPXKGCFXxCp6ENaU/3enKHu7toWnaK/PwylhvM=,breed_2,Male,Tier1,440417,69284146,2448,73456.71
OzzzUfAzWDs1OE6nCWYWaKxhMTB8TONA1jebmpvIvrI=,breed_1,Male,Other,38875,2902476,78,1137.61
vCYMDAhCERWSKiDte8Cq2DB7rlYb6NTKGUS662RiT30=,breed_2,Male,Tier1,108755,3174165,651,10204.15
/nVfahApLp25VuMhnf4gUM1d0DyEHtOQ0RZyI+eRjPA=,breed_2,Male,Other,99,4065,28,387.73
mlnq0OWWov3uIq2URNx8mYxWimBeVekDQLSTDRFtdBs=,Mix,Male,Tier1,2059,36194,48,1517.48
w+XIJZYOqs2digp4FTN+pD1ow/4kmFkHwKftPYLQwtA=,breed_3,Male,Tier1,3295,285214,44,1116.61
xHSafl7vKSiQugwPu3tk27vpmlLGOARJUQi3262x4aI=,breed_3,Male,Tier1,127306,1633739,95,627.75
3Pn66bZkS70haPOP1l4kvQU72ksu5RB/9rSryH/20nE=,breed_1,Male,Tier1,2957,142666,144,4664.04
FBt0r4tpy5osAIU3pjEiCKjpSQ3mUNDNBHvpfEx1SoY=,breed_1,Male,Tier1,928854,89727831,1982,38192.39
J4ZFkU+KCwzKX4FmbpLEa1d7XbMn1e4lUY3hR39yeRY=,breed_2,Male,Other,24937,652706,33,273.99
fwTtJ6M67CDC1KYIiqBsO4L7eRyz3lVzgeSkkiSZ6ko=,breed_3,Male,Tier1,5330,141382,14,319.98
GvTZAswu5bVUmG6tqB3gbWGomDNpwjEBJvsURqhNgp0=,breed_1,Male,Tier1,777,36630,19,499.71
SnCSUvAatbOb9t4rg0negiF97TOjbj6JaftBJ77BS0s=,breed_2,Male,Other,99,3235,30,317.82
dz2BqB2R1Yd4glM+xaYEjTZqala76GyzMX8D4tCsT3Q=,breed_1,Female,Tier1,1242,55645,39,1709.88
Gu5V4QPsnO9thoml7bW61UycJc8MIFNPEKW/5d712gk=,breed_1,Female,Tier1,465528,20352471,1272,25641.53
W4GWhjaR19n44fYaVDmmWFW/PAdlMuUqe/stULqHvmE=,breed_3,Male,Tier1,1301752,125282558,3146,88500.81
8iwLaPAF7uxA8BoJrlAhFMAh25s1+wjifm2JXX6eIG8=,breed_1,Male,Other,9352,485997,71,951.58
D2tMoA3Tmw0XXoSMiTq14CvrKgEcfjDsvwHiu89rd2Y=,Mix,Both,Tier1,4084,128051,234,4103.44
X4FuRSM4mvBNmZYr0THdO6vyFTZea7UcybS8j6Rqbg8=,breed_1,Male,Other,208,16648,11,339.0
eaWzIzTpbw9EFbmLRM8ERomfBadpD5+Jrq42hJnfbxE=,breed_1,Male,Other,2977,104835,11,85.25
+xgpiihgFKv6Llvsmjo44zZ704vPRtGwa/R16GDbSKo=,breed_1,Female,Other,33,1679,13,257.57
RrRwMZWhwXmteGv48nwicZoK3sZncfFcKueC21B5TLM=,breed_1,Female,Tier1,44245,2277729,533,13584.32
7EtSj1zoCQthWDz/9XBzK7RhJJvNmJ1X+tjCDrOpvQs=,breed_1,Male,Other,7252,275703,59,1720.4
IkrzdfBUwcLh9FnuRWRBns1A2yVlqZOJIULjlKLmDwE=,breed_3,Male,Tier1,42,1127,21,2884.48
SnCSUvAatbOb9t4rg0negiF97TOjbj6JaftBJ77BS0s=,breed_2,Male,Tier1,414,5811,25,367.27
uNAGNWfeyuaqEE9V1ICCqL3vjk2w9DsPJ9plVF1zanQ=,breed_3,Male,Other,2232,107594,58,1385.89
nMGoD/kmG2eQLt9e4eO8S5HQYdezVREkLswtTCdolr4=,breed_2,Male,Tier1,9416,290088,29,466.83
sV0MsYmauc3MKUTzPLjcWqUQRcHw0ripxlps96GqTAw=,breed_2,Male,Other,3265,132003,144,1992.04
v4dBKsTRsVpwH2acz4B5bcmoHxAot11y85q0u57wfL4=,breed_3,Male,Tier1,396,19037,18,257.45
nntX+QBQQuXuZ/uWHcXK1zvR+Tw1pk9C8ynmPFD26O0=,breed_3,Male,Tier1,10895,287634,23,432.58
0Ellk8g6i18jQuWxnWGACFJLPgeAqZoz6R3LDk30awY=,breed_3,Male,Tier1,1259,34445,12,388.99
SXC8ddRBJUm7ArYzNnvnoh71UFSdfcSFQ6Xua87yMCs=,breed_1,Male,Tier1,22,559,10,316.98
9HiBUtdgbbqPJ85UOZ8Z6RNDcrHRxINshr4wmIlsn5s=,breed_2,Female,Tier1,13020,531176,137,12148.29
TqD1GQz0zpRp5bgmSlCGzWwFba9I46q8zgydcj3VBag=,breed_1,Male,Tier1,54163,975661,606,3360.55
mkRFSbmfO6fCQ9rdxouZjd7L17Kf1FGY8zzbvXanYqo=,breed_2,Male,Other,315,7385,49,550.01
gZT8Zpf+Hj3r18CD/8z3JtSt5gjYVtZyAw3Zzhg6Ivs=,Mix,Both,Tier1,33065,4399580,480,9697.8
v3RVE44ZJbThXBtWnRzsTClA3Tyl9Kqq2prHzKbfL94=,breed_1,Male,Other,5353352,573841685,3818,11905.1
OzJeNA75KLt/MNSpuDKDVeYT97IV0ieVC+GtqJMjnlA=,breed_1,Male,Tier1,116714,1330270,360,13150.31
X2FwRsesnCuDXwt2HmM1teDRngIABk5Q7OT7gw90VQk=,breed_2,Male,Tier1,243,9126,38,5615.07
O3PmztMX962Hy/7NlS7K2NLhIpFU84DzwnujcAgl+Vg=,breed_1,Male,Tier1,819,117328,12,407.13
aJN8YUFk8eXMbWGNoAzKLMA6/yTce8Y1FDbzAtpFcNc=,breed_2,Male,Other,6620,240392,14,144.21
cj9brA5HFwrQhzmhOAWvqUKyRBl6sjwk9yFHIlTdtk8=,breed_1,Male,Tier1,665610,182260788,2311,52919.6
c8fl4OVRwF99vlAc+kYVUywzeAhFVv4hnLI8O9C0nIA=,breed_1,Female,Tier1,19005,1967042,319,16789.57
pt3eSPptF2gN4iiw8fpr060gO+yNB9lgKnzpTrsJFQQ=,breed_1,Male,Tier1,487,41875,42,796.26
ce/PZek+fW/KrfTcst6aVJ6Eztpb7Yl9Qlono++O+iE=,breed_3,Male,Tier1,272,8887,22,469.39
f0RezV1+TCV+ZFApsuOZH5/Tdv9LGPxXdt0GspoRnbI=,breed_3,Male,Tier1,784,29441,12,165.82
ySEW+viIcKKEIAh4ll+JihXEqxdpivK0lI+V6q41pb0=,breed_2,Male,Tier1,15192,341330,48,608.73
HsxM07q/hS4YjJbpSmgMgT6HjgXuGwjS0eEQJVpkJKE=,breed_1,Male,Other,542,5347,23,243.78
BLXjmcyofk00GiXRoW4JtFZBHIShelyttpkkNEk6ngk=,breed_1,Male,Tier1,1095,8087,17,592.89
nA/GFgF/9N6GCnj9T8gqhEmjVUS82Gb/s0zzV0+E0iY=,breed_1,Female,Tier1,361,51895,10,160.93
ONZN9RiinT0jcFPlLtXbyi6Wh3jt8eLaAfpIiqjCqSc=,breed_3,Male,Tier1,10523,201076,18,673.37
MNUuL/Kov9mVQIEOPWF/G9vc5eTh2i8cEyHGFlb0L1o=,breed_3,Male,Other,883504,36073614,545,1046.46
e5HOmlV+TcPoa38XRemgbXLiFAc1gAWDRhIkLkcoRZY=,breed_2,Male,Other,242,4995,39,372.28
6pU4K/FRcVHVbrYKuwMb3/LW6qRvovaQmTdje12lheY=,breed_2,Male,Tier1,2228,28789,36,1160.05
lyg84g5S0ZEz++HLdMu8Yi3j3r3DwnuWT8xerO6AYpw=,breed_1,Male,Tier1,3908,250164,34,281.69
JA5prK/TyKwv5vseueFUk+XAnClkuFpezZxyi5XzeMo=,breed_3,Female,Tier1,939,44023,151,3935.63
WNwX8g7XO9N0BMMtFL/qUoJ1/PDoWHgrpwhvGaw+tiU=,breed_1,Male,Tier1,3658,463588,25,788.9
aYTuM6aVuUQRKQitTGpk6PNmrW1lHjG6Lr2omC4B9JQ=,breed_2,Male,Tier1,1482,44591,112,1693.64
VzMt3Uej0iMU+6npA1y7pppbuV32QekiWZNxzWmr4Lc=,breed_1,Male,Tier1,445,9866,26,4787.71
zU+LtsvcopKen0JurLfqUE4kdvuS6ZvFAc8y3vI4DqU=,breed_3,Male,Tier1,13913,929452,165,2758.11
XApDdVWZnRdusMsN/BX5uAwMbf2l4F4+wGmSWr3pkIs=,breed_2,Male,Tier1,251,11798,17,426.65
Q81SydfoOHP5lBd1M5K+kp1X8idcel8h2Gqqm2ExOKo=,breed_1,Male,Tier1,240,12617,16,414.99
yDSp/MrpbajmOkGdiiuOzjpTtQMNFLPQeP4QtN/M1n4=,breed_1,Male,Other,137,2801,34,659.74
rY1Oo3BKgN8zUFP/yPhc1H4fF/+MMPl/MjwXVsb5gKE=,breed_1,Male,Tier1,355,10709,16,378.93
lbW+JmECy/mdKoOrZBOnSGQsnZxWSjYkx9Dt3jjyE60=,breed_1,Male,Tier1,804,28606,29,408.99
oChPV9R5l7iu14UGNhA+L0mgQINp2VQ5z0wyBd6hSwQ=,breed_2,Male,Tier1,108,2346,13,686.31
Yf0IEMWBx25wb3IllZZuhHVVhpiMPwznrYS+pDnFGp0=,breed_3,Male,Tier1,15,370,14,395.22
brunhKOJYiLcBuyfElmi+FizvjQ0VBnxIy4oKc7lZPg=,breed_1,Male,Tier1,346427,42357544,2060,41501.92
h37UTqqmyAXkKopBF+ukTZ8RntQosdri2Mpu06BZ9sY=,breed_3,Male,Tier1,1521,137804,18,576.71
8TvFt7ablzs78DwRoGDCNYJm7Q1P3qzzAG+kLg5SOwg=,breed_1,Male,Tier1,1131,58991,10,156.75
TGtrxxIc1mU+9Q4SgYB0x9QVekDKGoBaL5YZQFUDzx0=,breed_3,Male,Tier1,302,11075,23,304.54
X6qw0ddl7zietdxXmkyali1GpCXo6Hva/dQf7dBoEPk=,breed_3,Female,Tier1,1660,75065,15,511.28
xgYmofJpDlwKbCNV9kAZNv4IA8e9S29Jk0qLsbghVcg=,breed_1,Male,Tier1,50495,829127,151,2062.28
tT1KFgy6S9lsvkf8OHbweaiu/NnfuTsjNHNGb9Bt/1Q=,breed_1,Male,Tier1,62729,5638081,507,17168.21
k+T0iVXIXuDXeWfzoxKrO6YNNvSIQ6QHLcuKcrIg02M=,breed_1,Female,Tier1,859,45665,84,793.84
MC0uQfsqVTNSJp5ZTk+1Q7ZajunLh3Nz2ojO/YED2+I=,breed_1,Female,Other,400,16803,14,122.87
Z00wzP62k3kL9zTE7Hc2tKIMw1TLIzcVyCsOuIHrABo=,breed_3,Female,Tier1,7405,375824,29,432.52
wU5pu6zJna3o8LRTgqJhMlrm70iTNg1L5HLMAehL34s=,breed_1,Male,Tier1,21254,1914667,223,4780.26
r28e2eU2tcy8EIUKeG+tZnpq3Ei7KnKBMzcz036aHlA=,breed_2,Male,Other,307611,6021808,319,573.55
lqEi1iCdB8dVPodL4MGSWHuszuMKo06n0aYEEhI1CxA=,breed_2,Male,Tier1,18790,421965,26,47.79
2tY+ZnOb+fhEE3riiDB7WUqgmYwDK1AQsbGmysAqIg8=,breed_1,Male,Tier1,97301,2150919,1157,8857.01
/GZSmr/m+RckhkCs7QIzSR0DBVmCmajdKx7Hamv4sMU=,breed_2,Male,Tier1,37018,452346,25,369.93
sUwgeAqEQtAL7FWiEd+5DpKq8HglPrR3taRywDhuQCk=,breed_2,Male,Tier1,125,3950,20,1445.89
HlfHDXDMj7L3k1prSZx0KdNYBwWip46/r0kdzcViSJA=,breed_3,Male,Other,27667,1152228,589,12547.25
+4wcnTDZYf1VmvuIrkRN6cXCelXfoXZsvQn5aOYSjPQ=,breed_3,Male,Tier1,7613,104863,21,390.5
gt/fALtrB2SAP3JYl4iQ9O1AsXLhj765VrjpSC5qcdM=,breed_3,Male,Tier1,422,40487,10,203.02
Hb1YdUdTmaxhH2fHHBCVHQ5DbQNW48cJtjVUx1LRIMw=,breed_2,Male,Tier1,305,20099,71,1427.6
7hyoDdsrVSwoEsTrdf2JPHyADtKWePgp+PzzxAqc8VI=,breed_1,Male,Tier1,175,5552,23,412.92
0x2sEW+VHBKTRglon03ukH6fc4CHQZNeWTEC117yG2c=,breed_1,Male,Tier1,363,9738,56,737.8
FBt0r4tpy5osAIU3pjEiCKjpSQ3mUNDNBHvpfEx1SoY=,breed_1,Male,Other,32166840,2994684179,7528,23008.42
DDtVA5nkwOKoQElik+5pIU2cR3fsU/7cUGfo3Ogd/MQ=,breed_3,Male,Tier1,39,975,14,86.16
jmkXorRa9C0FDIpF+M3Cl7cQKWtK6jrkVNDq+HYpLzA=,breed_3,Male,Other,2842,114018,137,1140.14
3j5oGGWu7tQW+pPTfb97RMwFwQR0Gz2hsuwxef7vaI4=,breed_3,Male,Tier1,182895,36234092,582,8866.25
/a818zU1T1SgzQNfwEPbXNUP3UaY6CxqGn5wK3/ihv8=,breed_2,Male,Tier1,9784,208713,17,423.69
W4GWhjaR19n44fYaVDmmWFW/PAdlMuUqe/stULqHvmE=,breed_3,Male,Other,186832,36785038,312,3063.18
iSwapK3U1KGWUHKcn32awEjGsMRUMqxOJoROG46YMgA=,breed_2,Male,Other,44608,1570851,34,126.86
j0dcCcG5rWqSRkhi4++gokowrLmDHun/7kEgHJvVD+c=,breed_2,Male,Tier1,77573,1944212,843,9583.07
axSFyl7f0kxwafmNbbd5fckofT2VvimMIq0bzOf8iJ0=,breed_1,Male,Tier1,9485,1645930,87,1586.81
m6peDy7wJEsU3QJ4OU4Z59sWWLIDUHRe45WTIGd9Vek=,breed_1,Male,Tier1,49948,3794603,347,14645.07
vYFLO8lG25tsyRcLqh4nHU4djMCkKssxSie+kkQJ3eM=,Mix,Male,Tier1,5380,208681,20,794.99
/wJ0hX/NaQWFNekImgIH2ouIRhFU0z4q9eRk1gkiopA=,breed_3,Male,Tier1,1197,74818,13,575.71
yDSp/MrpbajmOkGdiiuOzjpTtQMNFLPQeP4QtN/M1n4=,breed_1,Male,Tier1,96,1776,25,550.76
SZgxRM7ExbjgllQlPTTP24oRtvb+dp/58wkwKS5rL34=,breed_1,Male,Tier1,104,3508,32,4894.05
mHARMLmW1m/n5iFVAAMdC1hkfMhMSTLMqiHhgVFpIUs=,breed_3,Male,Tier1,282450,10094967,803,11191.76
SnCDzL5+crMzPPbdFK9QdOi7s3T5eHK1KDflA3V2XMo=,breed_1,Male,Tier1,1199,97084,15,583.28
ojYPaJYomw6ajnDpVl3FCvrenjKhWloEgihv7YORQ4M=,breed_1,Male,Tier1,37522,1020863,347,8472.12
3foNu68XrLomwtyI2dz08ZEcfkBVx7r7GOFgwYN3g/o=,breed_1,Male,Tier1,9526,1214471,134,2198.23
e5HOmlV+TcPoa38XRemgbXLiFAc1gAWDRhIkLkcoRZY=,breed_2,Male,Tier1,64,1564,15,271.96
cnxfvc/XAGVsCHYSlSdrVQO+0z90dPBtX9U7fZw+DYE=,breed_2,Male,Other,29210,663263,31,298.7
M5if5lSVGYMyws/gmjqc/PsEiS8vqIk3mYtoVR+b544=,breed_2,Male,Other,67425,2756535,43,475.54
rS831Gy5gh//INN9SiNibxwl5yL9AvoIEPptfnf+/b4=,breed_1,Male,Tier1,8184,176302,207,5258.84
4DhFLdzF1bDrTHA+P3KEpNXpGz4JlDTjJh9rdniHRTg=,breed_2,Male,Tier1,283,9179,31,875.05
7DnEDxHhoUinnIj35DzNJPsPd/fkFE7VgoGOF8lPbQY=,breed_1,Male,Tier1,2736,22358,53,688.45
tCPcZ4wXa7tOj4tj3TT6pFoYXbfr0QqJaaVdpqK/Tdo=,breed_2,Female,Tier1,18948,622062,71,2471.02
3oB/0E8xVBc7/ni/xLJMrB2i6I3lLGAU32FBvFT5sDw=,breed_1,Male,Other,37490,673622,41,348.61
8OT+desuNvarnrjfQxQ6TaV5jEOKsBUiTU2b67EEirg=,breed_1,Male,Other,712,21406,15,145.8
MC0uQfsqVTNSJp5ZTk+1Q7ZajunLh3Nz2ojO/YED2+I=,breed_1,Female,Tier1,9309,457656,414,3550.29
KMaq92xx1Vv/Ec9nVduX529Fvilf6+BSp7THQlOI3PQ=,Mix,Male,Tier1,1587,100673,16,231.81
B7/iAJqklvUctmeIjbraVVq2xdhdjjWl4squ4RgUA1Q=,breed_1,Male,Tier1,367,9459,12,134.52
JZXUtXjgkWdodHzwHuubSulEFvWb1qkPVwI60kChbU8=,breed_3,Male,Tier1,40224,704640,80,880.66
eAeusyKQD42x9E0lTGTJLkHCZjM9sED+bZH5Zr2bh5o=,breed_1,Male,Tier1,556,20116,70,2026.63
zh9X04mjKyFDOk6eUWBsJNSxQ7SawkDOwv0wr5g9Yxo=,breed_2,Male,Other,2588,247515,14,261.49
3+h6wUisyJEOYTbCkIHlvdXyNkxo7U66Y12PwQ4s5c4=,breed_1,Male,Tier1,1094,205276,19,240.79
gY23cJBInKyM4xW+0qFUB2PKOXraCMtZHqVFTiWaIdY=,breed_1,Male,Other,1314277,25701357,305,463.5
8OT+desuNvarnrjfQxQ6TaV5jEOKsBUiTU2b67EEirg=,breed_1,Male,Tier1,768,18517,13,348.39
XApDdVWZnRdusMsN/BX5uAwMbf2l4F4+wGmSWr3pkIs=,breed_2,Male,Other,251,11798,17,397.68
f0RezV1+TCV+ZFApsuOZH5/Tdv9LGPxXdt0GspoRnbI=,breed_3,Male,Other,6307,253750,61,590.43
pYD7F2lkIS+P1WHM5Gv6e2hnMtVmlje1/G8TY6JbBng=,breed_1,Female,Tier1,29167,1005714,112,4404.59
GWWGFkoN6zigCeVWWBLAmy/duI1vwy0O0GzapLm3Y/s=,breed_2,Male,Tier1,935,100939,15,330.78
PZO1Y3a/xgfb+sdc0UraDUBQByTSALc709gqVUbuGYE=,breed_1,Male,Tier1,668,72280,15,426.54
ukPH0Ja6qhSlO1q/IajiTVugRxAOEoHEYjGWGmXdMKI=,breed_1,Male,Tier1,1705,47360,26,1152.03
nq2TcgAGm7TDEc1h8OPOaDRFrjrRUmumZF7p592DWYo=,breed_1,Female,Tier1,976,26390,12,234.29
f/zGh4lpHZwxO8D1Qgo6Ogog1a5hPcqInupnMccAiYs=,breed_1,Male,Tier1,23260,2357580,214,8746.14
LnO3O7gTgQPnAgWFxeZT3zHR71g1Bxlcw10Bkr+bhs8=,breed_2,Male,Other,83,2803,21,284.24
aWIPpzRjJ//Eavf5/JRM5o7Nssux/ZRP4O/p+y//U8k=,Mix,Female,Tier1,5529,247672,109,7349.7
lPXHXBj0X269ga1f+zLACu1bqlXyKnabL+lxegTDCas=,breed_3,Male,Tier1,2595,126426,30,443.44
ObdvzGYA4g7ZxUwzHLzHW2OT5nlN8YSuHSSPXDbdLBs=,breed_2,Male,Other,40486,1574312,41,114.91
h2ACkYp1VqehlmxI/skcsl5Bt3Xvpek9BdHcEwQYv9o=,breed_2,Male,Tier1,5429,122012,15,479.08
0YMnbRNboS7r1Z7z+I/4C/6RjfhZRt+KiEkf9jXPEWg=,breed_1,Male,Tier1,10220,356132,85,4685.23
lHqi4fYrfmn6Tx5jjItMeQDq05Z1x0dEQvyo49YnUnI=,breed_2,Male,Tier1,35566,1231834,81,1400.23
DtO1cf5NGOY3Vy+5GcuYBWC43q9AF3jnPcsxShNe70A=,breed_3,Male,Other,50303,2448027,1147,8341.9
j6f9Q+f/IJ2E+7pDKw+N8+omj5i72X4H/K8YqBKdPZY=,breed_1,Male,Other,892,16932,28,209.89
wgLWslM7ENQCBETX4ROJjF1ZYP2s+0aPCwJQkRiopaI=,breed_2,Male,Tier1,15,1263,29,202.95
Iik0PUY68aDOJtQYs+J2bY1sLKXddfx0xesC2Ndb514=,breed_2,Male,Tier1,83,2489,18,6268.24
RJ4hsmnBXptoLEKKVj3jNdU3XKaUzztP2NRMS2MqdVg=,breed_1,Male,Tier1,289,61042,15,281.68
ENLF/YWp75FsJ+9xZhnbQ3jweZYHKJyMgKN+pH/m174=,breed_1,Male,Tier1,11316,658211,93,2132.83
bMfs3s0S/5AeOAjhG4meDhFesNIVSJw9PNuyiXPNxEI=,breed_3,Male,Tier1,320,7105,81,1356.88
7LCtlXHyPfmIxUUCZsRAPOOI1mRWECbqs/8ALkyFlOs=,breed_1,Male,Tier1,92,3615,22,581.91
nVR2SlhP19Q4sbsh2cCr4xrJ0sqZN2wcoFQgFyytEi0=,breed_3,Male,Tier1,252357,4727305,5812,67891.76
/9effjQ3GQYTHQ1ECTubVlvqWDOu5tduLsXxwGxvJLk=,breed_3,Male,Tier1,739,121160,50,1152.43
pS1WMNd3IfyPZxkpSFy7xqbTTX5V2oiSOxZucFPEjR4=,breed_1,Male,Tier1,7387,199945,114,9057.72
bdqSY1eq6xY3dQxe5R+XUulGIZioj+uDRu9/lmu0BMw=,Mix,Both,Tier1,1676,28131,10,162.42
rpsEXrDNB0fl9K5uXxnq2luTb7EYA5v0YGzwO3XgCMM=,breed_2,Male,Other,6235,179312,110,1665.19
Oy5LjR/p/+llcIRTpUSw+fk4UpwA/ywKOQa5cAfjxJg=,breed_1,Female,Tier1,576,48530,23,899.01
rS831Gy5gh//INN9SiNibxwl5yL9AvoIEPptfnf+/b4=,breed_1,Male,Other,2102,125176,42,1197.06
3jOPhkvJLu8kJZjJrnHvLSGxyY8P/rZxgXDq9pwoZ3c=,breed_1,Male,Other,1546,142362,19,401.37
YpOsI/fvU6y6n6Ew8ba7ZiGM6VY8kgTGJiZTh1KZme4=,breed_3,Male,Tier1,196,7390,14,310.21
RGj/zl5Yp7Vy1UfsyHj5SPtCyq8uj/M2wT3MCCGXHfc=,breed_3,Male,Tier1,171,9909,32,724.68
mkRFSbmfO6fCQ9rdxouZjd7L17Kf1FGY8zzbvXanYqo=,breed_2,Male,Tier1,84,2805,11,160.1
fzgSBVR9PEKc6hVM3rSVBQ5lwKKY9uyQtmzB9tS6TiA=,breed_1,Male,Other,1012,27276,22,1377.47
luJDWkXvK87BqLcWw/mwbafk4DEI/f+Oy+ZuosqODug=,breed_1,Male,Tier1,5741,309772,51,1935.76
SDPN6Y3GZYiMCklTp9UWorljzEMfB7p3Ef7R7Eu8PQg=,breed_2,Male,Tier1,154,6710,23,738.11
iGPsyZfUASsTHhVKhjkSxR+14gZb6H+iSDkPNHHiG78=,breed_1,Both,Tier1,4578,341360,39,1249.4
iZwmXRZxD+kZVIuBZyTZCQjsnoylRR98oXaolqHNNOQ=,breed_1,Female,Tier1,4314,144873,20,799.29
y1ghXDtEG+5KZZEMO5Za8pK2di8F/BWKyP4XoyCP5lQ=,breed_1,Female,Tier1,3722,201470,19,669.78
ZgoNkjTeMtRJ/A1WcN3nxhv2KoXwPvs5PzB/gc9xLP8=,breed_2,Male,Tier1,44361,1061682,59,1709.16
MNUuL/Kov9mVQIEOPWF/G9vc5eTh2i8cEyHGFlb0L1o=,breed_3,Male,Tier1,41093,1677843,25,50.77
zrwa3iVl8D6bvKEcXpQ1U5ULG6C9KCQ8bQI7sov8H90=,breed_3,Male,Tier1,15249,1195915,114,3272.47
nmsKnwXwVXYMe6hgVoI6iUrvvmn5ct7/Q/5EkZoekW4=,breed_2,Male,Tier1,21,752,21,162.22
Gu5V4QPsnO9thoml7bW61UycJc8MIFNPEKW/5d712gk=,breed_1,Female,Other,12473,542512,34,684.51
NBBRQstwsaFbQKhTXrRqVP+8gy+Gjf7Gc5QcRHv0ny4=,breed_2,Male,Other,2947,137697,41,2108.72
E5O/S853dRMhoTW/VWHPIe96GydLecQWfYK5c+3uJRU=,breed_1,Male,Tier1,22,529,11,216.92
1Mei9iQmVTSkl9x3Kv7vbdYnmOij/bG/w+AAtNqTQBk=,breed_2,Male,Tier1,348,9884,11,129.21
0AcsCF4/YfBapKfNZWNjarqqh4a+vtY2Kxc5ssQBQfE=,breed_3,Male,Tier1,6065,93317,154,6233.33
EsvUM3Cw3rremjkO5qD+n76DkztVVKCx+1KjG10OO7c=,breed_2,Male,Other,435200,5908656,254,474.89
Fuaru0fUXOkrE+th5U4/5LdHd7I0Qo1XqPU7C4RorbQ=,breed_3,Male,Tier1,176611,4940974,333,2496.3
/nVfahApLp25VuMhnf4gUM1d0DyEHtOQ0RZyI+eRjPA=,breed_2,Male,Tier1,24,363,11,180.13
cd5vU2M179wNEC8yUAKuTiVT7AlJfkam+eUp/8HggVY=,breed_2,Male,Tier1,30,1056,11,285.34
NBBRQstwsaFbQKhTXrRqVP+8gy+Gjf7Gc5QcRHv0ny4=,breed_2,Male,Tier1,3890,95816,63,1726.08
5+ht6iPJtUOYg/xM+nSp6JdDqkLeKcf8MiJZ4DPvT+k=,breed_2,Male,Other,17041,443233,32,181.46
oOFtgcNARUadR8i0+ItOe3DttTVI91boWNsCNihFaxE=,breed_1,Male,Tier1,3109,295802,33,1466.73
EbP7cv+9zeDE8oJgUk1/ZqDa9oWQdS+0DlQkDPGwgFc=,breed_1,Male,Tier1,5026,298110,54,1244.23
PKDiDoP8XFA3wfV3N5xqjpzVt1v1Xp9HhD5SEzOF800=,breed_2,Male,Tier1,19287,661555,58,1253.02
bPXl7nFTtK1hwap5PWi7g4fQw+3vWLcXYGGA+TZxlZQ=,breed_1,Female,Tier1,7453,179297,31,563.42
67NF4aLhxXGNAuwlk2HRqC9TuD61G7qBSFgI2kSCcqk=,breed_1,Male,Tier1,1659,72895,69,1012.24
4Qd47/7wo1rwsuP+1vfx+3jCMRXLDc5UVnCDdrJczlk=,breed_3,Male,Tier1,11919,307884,23,540.87
pxLiokMmqGDGNwDjelDP/LtSsK2lVPjkkQhdhqqqAtk=,breed_2,Male,Tier1,1225,51025,62,1738.44
2iY/viu9P5u4L8u6vCY1cd+ZxXuVaTFu70pFjygAinA=,breed_1,Both,Tier1,4728,418805,128,8358.76
7P1WBFe/BH2I+9E1E48mjj07oHe4CMxYnCV7PWKVyeE=,breed_1,Male,Other,1280,53917,28,819.49
NPK7nHPiN/nLWS4t/ayPRsz6nfkBA3fgQPULSkFcrOY=,breed_1,Male,Other,8448,324083,158,1519.73
7205vfYRmB1rSsBcylQIycx+3+6P/sZOXCLBsJnM04I=,breed_3,Male,Tier1,13950,297499,39,611.03
7NluxPbFL/J4Ujnsm5y38MCJKnrFa2E+ZBQsBCkqv9Q=,breed_1,Male,Tier1,1962,175303,28,1227.27
TQK7tGAqHLLYLDQW8Vw8jtYc+is/AcrZlgG9IzyAD0M=,breed_2,Male,Tier1,127,5805,14,2155.62
0NwiphR8gvu7kwdOzWSo2tgyv51++mKJK6ImGiXhn9A=,breed_3,Male,Tier1,8068,405877,173,11293.86
mImizBNT6bgTMif4h6HzZKx749EJAN7ZKHFC3G+BYKo=,breed_1,Male,Tier1,17450,986364,247,5856.12
0Q1t7C2p88O3kACQdiGRxm6H/UluWWlZV8G1t8oH1ik=,breed_2,Male,Other,767946,24549153,1551,3414.64
CHmY/DDq5uVVPe0/sdrSjKPwPZRyAbYwss3uOm1uehc=,breed_3,Male,Tier1,10548,2236554,112,2119.21
c6oxtwY1DTHquXajlkR675z/J3GWCNBLca+jdMmbqB8=,breed_3,Male,Other,1844,77880,154,991.02
sOCS1Ay6Vv+//VYWKeM2ILoXtHbsx4HU/f4DUdjASuw=,breed_1,Male,Tier1,1443,56680,41,530.09
VvBiXQ26v/CYfFgQRuwjb0B5X3TFYwn2Ej2lAjlWXoI=,breed_1,Male,Other,99,2901,20,129.16
BhETxzNL7TuwEYk3NXvyIUh2/o/GA3/e17fDwCMP5Vc=,breed_1,Male,Tier1,4726,65518,14,241.82
fzgSBVR9PEKc6hVM3rSVBQ5lwKKY9uyQtmzB9tS6TiA=,breed_1,Male,Tier1,36628,582004,681,12159.14
6hjvKAnyc6/pkjvv20UfpNTO4haN/EPx5nuSjgTjLN0=,breed_1,Male,Tier1,103,7842,18,351.36
6/+DglEFC0PbGpzRXb/WQw+mMpyNWMlV0GnCuKW/fwM=,Mix,Female,Other,556,25937,13,1272.7
DAjS8Zh4g32t/JuBz/sycKis1EbZ07HSQwZwl2Kaprc=,breed_1,Male,Tier1,66640,12777691,297,5722.69
73u/TIGM2z4AibAOccSIAkNTzLQIYDjz0quKMQte5Cs=,breed_1,Male,Tier1,2144,196405,34,430.54
joOxMFK2BuTC8QIpbFHXgZvU49RI/qmhv8HFoiH+A5E=,breed_1,Female,Tier1,3967,107860,15,502.51
5Yn5UsDhbxrNJCC2AJ0sF5BEqVxeYuX7dGV0299tgDQ=,breed_2,Male,Tier1,2013,63464,58,1659.68
w+W1/8PjVk4tq3FYBbfRoC4hRwwpQzXXSXi0PFCfLOM=,breed_2,Male,Tier1,2516,106301,32,881.58
uriHb39HF2AQQ/rRX1taqDWEszzHxKCx1LgxXAIs3Hs=,breed_3,Male,Tier1,14305,1027874,112,1711.63
lnGVmyo2TfFm8oxdtTvj/012OKsedM26866BSV6/Mm0=,breed_1,Female,Tier1,15633,976737,55,1845.5
aHoV/X+WMENvjWi/CXX8YIkHcSVTfRit1rlhS3INBi4=,breed_1,Male,Other,3112,35996,47,449.74
ag5vC6ieqO1VUcdhuNHwWnURtUey9aofR0ODmINTRpc=,breed_2,Male,Tier1,216,5297,24,955.62
6Mzekkx/gvrzFoKDRASIBs73/3WG+XRTH/wzqRBSsmU=,breed_1,Female,Tier1,9363,372599,153,20791.06
lXwpCBsCJAaLDvkQOfj4E2m2na+UL/i7Vx89cxTIEug=,breed_3,Male,Tier1,330,9220,78,31884.1
/GZSmr/m+RckhkCs7QIzSR0DBVmCmajdKx7Hamv4sMU=,breed_2,Male,Other,485607,5169048,170,973.53
fLlR9I2lEv7B2eNkyZvkPC38wWGhJwh3yT30t7hoQyY=,breed_2,Male,Tier1,100691,11816935,819,25683.28
GpfAOdruw8ltIAtVwk/OwZH21PnwdRh1jL4eY9vKnwg=,breed_1,Male,Tier1,1892,45116,111,2207.5
tvfHZLFaYACGfvT+SmJy3pMcCZFpiT+HjdVrqvGI6rk=,breed_1,Female,Tier1,72,2790,19,580.41
R/s8d0kEaJNgFpv0NHYq8H0dqqeeoCI32NhGvcVTIZo=,breed_1,Male,Tier1,21842,1054050,163,3747.44
3jOPhkvJLu8kJZjJrnHvLSGxyY8P/rZxgXDq9pwoZ3c=,breed_1,Male,Tier1,1984,184488,20,472.42
CdyPQzijCjJatOEtVGyo3PCW2ARXs3Yog9KWatXR7wU=,breed_1,Male,Tier1,115,1054,21,210.4
Jkio4pQq9dBKqIgv7IrWEnvNuTsdWYjs6ZsbRY/fxvA=,breed_2,Male,Other,25240,701991,24,242.62
dfYj8ecOEOM9MsA/j6zuJYUobbsVAL4zSQym0tUw1ho=,breed_1,Male,Tier1,184825,20390677,730,18173.33
xB6KRdTtAqZjeZJMENf8Q9eSh/pmq8zCKhy8OLweJ5Q=,breed_1,Male,Tier1,16533,781286,81,2400.81
2/aEDfXcx8jPZOErTmXQ/gusmpeEJjzVFlX0K5fjcVk=,breed_3,Male,Tier1,31,2116,21,473.71
JrRmc/X5n3GIvZVAP+9yiASI6Jaanr+d1yF+SzikUYg=,breed_3,Male,Tier1,11095,372883,37,579.2
eydd0HroCM/r6dkIMPYNn6pExmi7zhxwWRGjHaTjL+8=,breed_2,Male,Tier1,40888,1396632,532,28172.94
VWZziokRrMEIxw/KTK2AzbrgIGwdAf6SoHExZ1jRpds=,breed_1,Male,Other,5733,108671,21,478.57
TBS8Fb0lim+ygJubSivhBpwsnkrZSbHk6bv03zTfdyo=,breed_3,Male,Tier1,12885,1944652,92,2041.28
Kl2vdxiKeKTf8HXxLMETEUyQqeBKlgJNJYTAZcWs1+s=,breed_1,Female,Tier1,513,11435,25,553.31
JTZlByYHk9h/3/8FABYo4o12ecJEB9WAEAwbU2i7fz0=,breed_1,Male,Tier1,3397,110371,67,1332.2
44JnZvsW59FLrxU6WS7V7n5eO0lQxJpLheo/7zBeSyY=,Mix,Female,Tier1,2565,68290,12,589.32
88fD+IGdFrZGphd21L4dve6jdOlyg5hFftTF277mLIw=,breed_2,Male,Other,18978,492814,31,358.51
rpsEXrDNB0fl9K5uXxnq2luTb7EYA5v0YGzwO3XgCMM=,breed_2,Male,Tier1,393,9688,15,243.61
PGnNr9tfqi7Q9Gi6Ico9SFYynTOMFNfPWrPnNmUHxhU=,breed_1,Male,Tier1,94646,1361216,1484,24019.39
AwmzjPEOk0Htk1SnhzIhKJrWBvJ9mFK7P16twl7pKEw=,breed_2,Male,Tier1,1470,62276,16,993.91
3+XJeH5NUYv/T7pL3D0rCcJtjYZG8c15pKvLuKBB1Qs=,breed_1,Male,Other,870873,85831260,1171,5556.28
Wa5TJNgOEKDJM4c73j20wkKQTm3p8B3ehfu7tPm5+0o=,breed_1,Male,Other,3566,242230,11,267.34
LbhRqizrJomu+bhsvjQUFJ8MLHYVEBpJT45Xqa5ISbQ=,breed_1,Male,Tier1,1929,301070,19,259.78
fyOvesYyEwMDy5bhKCtF4Sszju0Bmlp0NjWCItGwTBs=,breed_1,Female,Tier1,8892,229751,40,2394.54
ci2A15zmgkqeeHWjyL/MVUEH2VgXq30jeAwdLO1kuWY=,breed_1,Male,Tier1,217,6102,15,444.49
JeCkbOoV/dtjlTzD2MaVI2wjzH0CZVGL5vkx74Lgi+I=,breed_1,Male,Tier1,3513,426022,15,424.83
rbKA5vevk4Pigz5H/EoTcouGs6BRcZ/YSXOlvtwaVWs=,breed_3,Male,Tier1,111237,19192843,184,4523.86
oTecxhlb+tDeAX8FXrco1TY5tGRAuHuppEjYkeZ5/6U=,breed_1,Female,Tier1,2165,132393,16,522.86
7x3cJhyaavXbohYJgrLJFP7QOUj7t9DjW2aEExB3vLc=,breed_2,Male,Tier1,305,16830,10,275.17
LqNg1Ra4SFc/us9vx4P3zPPjwVcDcUGhIDcz1VOL2C8=,breed_1,Male,Other,24804,543527,18,256.92
6JiIUSRJpImS54x8LpvANQOXTkYs1Sj1dsnTXG4VKGo=,breed_1,Female,Tier1,5855,219353,29,905.06
NxxM0hIGgHWZblABCWDI3FvbUS4UWPXg/3TRWs6JlUY=,breed_1,Male,Other,289,8078,20,193.86
X4FuRSM4mvBNmZYr0THdO6vyFTZea7UcybS8j6Rqbg8=,breed_1,Male,Tier1,272,73393,10,841.08
BpmGV8vY6R95clj/KLSIun7qHtdRHv41QHBOcPUTaWY=,breed_1,Male,Tier1,226,12532,33,774.46
0VgYhHcFzKKvEnKCf/Uz+9XIGbeyNpgq77bFCOltO9E=,breed_2,Male,Other,9245,284638,34,464.68
0FPZZB4HypuyeootlccUTeWNhyEfzJArYlyWlUIW4pA=,breed_1,Male,Tier1,227,16671,33,830.12
oChPV9R5l7iu14UGNhA+L0mgQINp2VQ5z0wyBd6hSwQ=,breed_2,Male,Other,108,2346,13,1929.42
mmMIbw12Wbwe4+h25R3v8xywXvN3H76RVUnypNBcgGA=,breed_1,Female,Tier1,15289,1460855,307,11235.21
lOlaTWkbUNbvPvYPNUCKYCVv4e6rNwlX63HZ7PbvF3Q=,breed_1,Male,Tier1,306151,5864720,2908,43951.79
GpfAOdruw8ltIAtVwk/OwZH21PnwdRh1jL4eY9vKnwg=,breed_1,Male,Other,5468,144655,298,4092.65
KuOKyckdIM5KaKSs+Jhm769E6FAAI46c7qbqAj54jGA=,breed_3,Male,Tier1,94590,11181276,446,13575.91
gCu3j3CioQgwTAshotcTdvSBTS7oWpgJRlNFu73az9s=,breed_1,Male,Tier1,398,37820,12,233.87
/FJayft/52/u94sWrh9m3AwTrswZYhnFBN3cLynWLc4=,breed_1,Male,Tier1,3619,132919,186,3440.25
0NwiphR8gvu7kwdOzWSo2tgyv51++mKJK6ImGiXhn9A=,breed_3,Male,Other,1020,53998,24,483.96
eAeusyKQD42x9E0lTGTJLkHCZjM9sED+bZH5Zr2bh5o=,breed_1,Male,Other,378,11955,34,894.15
j0dcCcG5rWqSRkhi4++gokowrLmDHun/7kEgHJvVD+c=,breed_2,Male,Other,111880,3547287,506,1310.91
q2K4r2hfSvwI8Lqq1KRqJmTnfM/nE/5wyDgagmLi/XI=,breed_2,Male,Tier1,224,3751,10,182.22
hO1U5BmDJwqXYfYcX/6a8dK/3mmnmtMGlEFnYghTnn8=,breed_2,Male,Tier1,29244,762257,24,155.5
nVR2SlhP19Q4sbsh2cCr4xrJ0sqZN2wcoFQgFyytEi0=,breed_3,Male,Other,2831,84388,222,1530.98
f/m35iRvR08H9FbKMd3/Y4XD7rjF2ADyKvYcVy+xnYs=,breed_3,Male,Tier1,106,5307,17,232.1
+1qBaChGCUHaNa79muBEvFZTggNsI8/iTNa4jpaWGbA=,breed_3,Male,Tier1,20249,333940,44,699.87
XL+6+6p0W2fPuL4NRkmBKrdVZGeOp9ufU6f3QZ2Xlc0=,breed_1,Male,Tier1,7640,271201,37,1314.19
OdXVhmOzRbJwxuss+QD63kodS19TCzZe/Pie2Pz3myM=,breed_1,Male,Tier1,3281,128557,13,488.56
lMjlJ0MPRzbnSO/g4A8gIbIAAtrtz4l0IHVr+SROrvM=,breed_1,Male,Other,23216,4153087,57,116.34
nr+jHlDWKetlYnTWq7KLbVrpAtukkrGRDtoLW2M2wOo=,breed_1,Both,Tier1,1006,39966,16,615.51
MquHi/QTs0S2Ma2jihNbd9Njt/wylc8t/FeBnOHyzPc=,breed_3,Male,Tier1,6305,122610,19,394.14
JSlrXvrHmOVD+VxPxW1fEsbDnbFHbwKjMOu0psM1A2U=,breed_1,Male,Tier1,1457,54393,177,3753.12
Y8d43LW8f/NKXR3HSFuRxyAixb998LA6iVGxxtUC07A=,breed_1,Female,Tier1,4542,157515,18,482.93
QeuA5T8eebrJ7+tdz8uqteJMc4NbzbbPvS6QQhBy1vQ=,breed_3,Male,Other,1258,64489,170,1126.6
0AcsCF4/YfBapKfNZWNjarqqh4a+vtY2Kxc5ssQBQfE=,breed_3,Male,Other,376,13725,10,370.28
8Vg8TVH4tgFBJEJMsH4JCFTcJEzX/hKC1FLby0/aI1o=,breed_2,Male,Tier1,7162,311352,34,1057.5
wHllP2aasKjMugspiNtAAiNIFqfoNpTmJMIpqJHmuK4=,breed_2,Male,Tier1,8054,893709,87,1673.4
qm7/yykxfdeTX81hiH1gAwpMDTy4WRWhdBnVsG7JovI=,breed_2,Male,Tier1,203,6790,31,486.68
wKHq9ncjXed0tMOtpk1NkOapD0CpUShrSADHbNnkVdM=,breed_1,Female,Tier1,42251,2184473,130,3206.29
lOlaTWkbUNbvPvYPNUCKYCVv4e6rNwlX63HZ7PbvF3Q=,breed_1,Male,Other,1907,36515,18,235.3
cfVxFhe24Rcs1d8DfNFjwkc+N+Bd89UdPhtIi2dBGIg=,breed_2,Male,Tier1,33379,834438,263,5856.08
UT9/Lj3jAfsttThlF1dV1Y8Sig27sOZPtxBOXn2PmaQ=,breed_1,Female,Tier1,2636,111643,14,474.24
OG5baj4D31TuUHpI/7lvHOyGw07MAWFSNg+WWP4v/Ew=,breed_3,Male,Tier1,145,1844,38,814.91
l8QZrnyEhAEh5rzLWD3Bahc9/qsWLAsmqx0GXC69xp0=,breed_2,Male,Tier1,16873,211908,120,1333.35
5iBzEElzSzJLGEkM3QKwq/v/TSS86E12Ycyd6xodCuI=,breed_1,Male,Tier1,18020,143610,118,1274.75
zfFoWSaUXSdyyRTPJXX09+0OtOOHpEv0oILTbLXO43k=,breed_1,Female,Tier1,17866,468268,92,2979.96
c6oxtwY1DTHquXajlkR675z/J3GWCNBLca+jdMmbqB8=,breed_3,Male,Tier1,139,5831,22,314.22
71ISDibWel051dPwEFdUdexwGk0iEyreDbSFPTLWzbU=,breed_3,Male,Other,26826,705164,283,781.5
Pp0y6b/BEacMwC0dIyC9lX5EwxA556zX6HyXfyFXGw8=,breed_2,Male,Tier1,14140,370370,100,1528.52
BsdlD/QsTEsubJOz8BRgpapQNXfow+LdGhHZ3uL2k/4=,breed_2,Male,Other,62909,582108,16,288.34
BCtiRJJXp3eNuXyx7XNwyu1s08xxccNrQ0Nv8gAvtNE=,breed_1,Male,Tier1,88,1848,17,1229.23
RIa/7841P7ldqg5ktm2osfC4bwsNj5N4T+ah1UNWQQk=,breed_1,Male,Other,68,5326,10,99.33
SFz8962b5gF9Z9WrglXpkSkLcZ0gVWsPGR0raDDGmPU=,breed_2,Male,Tier1,85692,1855254,770,26496.62
3j5oGGWu7tQW+pPTfb97RMwFwQR0Gz2hsuwxef7vaI4=,breed_3,Male,Other,11508217,1813777741,8956,39243.63
edv+HzgVai1A3NMx6UmhpnGdTQTVv+NVJAbbRTPOX/I=,breed_1,Male,Tier1,561,15967,48,3487.2
CgJPQ3XK9hVPYUdab0T7dYpSijk3paS0OregcUC0Flc=,breed_3,Male,Tier1,10697,241792,31,718.62
nEV290bdqiSjUMiQAw/U4AHM6aFIU73DCqWHwXuUj/A=,breed_1,Male,Other,2733,123494,71,693.73
w8qAI+cp86B6VsaqNmSjb3Mne5t8qGB9WiSceQGdx88=,breed_2,Female,Tier1,6384,352219,28,829.31
WmTRq8zfOgouaCI724GQ4YAVCYbGKwRFI52dnto5LyE=,breed_2,Male,Tier1,93,3666,18,337.28
QP/wlPGxsHz3ZSPtI6psVP6WbAxV420pcfGhwRUD/lA=,breed_3,Male,Tier1,698,31484,14,216.94
b4g8TCnFpQoxvyeejsdA8Cz//kdmpPGVLmXPpnq4iZ0=,breed_3,Male,Tier1,11092,1713159,55,1122.17
eUVOaLEQ8ykqE+do/tbF9p/gWQDX05dwLNSEjHBI5JU=,breed_1,Male,Other,8602,280521,17,187.67
LkmYjN9REyhOVTFvb8FdYNHNG5E5Q47G8qAqkfYXEZU=,breed_2,Male,Other,11412,327032,34,224.49
k/EHESyjOqBNLGpUYAxQHcQykyD+3tuBjyDgNp52ZV0=,breed_1,Female,Tier1,6044,218307,24,616.11
LBK2nuJOmq5jKrnoY6dyOjQi++3ETpRUiut92Wn1BCs=,breed_1,Male,Tier1,6968,510125,77,2027.49
ry1loslyTGI+klMmGEH9H5D6TxuaPleGJ/vaUXVDdkI=,breed_1,Male,Tier1,887,52050,20,371.4
NUYyHzqy1Od1OKFhaBD9MD2thzAMlvw13ALSS44VC0c=,breed_3,Male,Tier1,5522,216518,12,402.83
TGtrxxIc1mU+9Q4SgYB0x9QVekDKGoBaL5YZQFUDzx0=,breed_3,Male,Other,1004,42057,103,996.66
GZ3KNaslY1ybJGjeCOccOmvlXs81/r8dvG2hru57N50=,breed_3,Male,Tier1,1995,70377,33,684.9
s4rqJg+/BSZ4wn8+FgwvMt6fwOK0yB6wOE2WU1krE/8=,breed_1,Male,Tier1,274,32418,10,234.22
YYLH8CvIz1EvMoYJHbKXy/Sc41NjdcqWz111BHheVdw=,breed_1,Male,Tier1,161,7229,23,428.84
xpeG/CuAMpp4V9yv8xIjlQWUeCOyjoMWb2QAja2A8sY=,breed_2,Male,Other,87761,3653105,102,820.45
vFGEXVADYld/uCYCsQ+qyJKba8rDeQNnjvoMcsBwJug=,breed_2,Male,Other,171,9709,17,453.01
DZj8qZNIL4nVJhlI3bE0UsxiQy5tQu+qxAzJPofO7fU=,breed_3,Male,Tier1,63,2748,13,796.66
hab8CSIspqbX4Autxm1tbx8JiLyDKWvWAfgNgKWYjCM=,breed_1,Male,Tier1,1161,26801,100,1283.38
czA8bXM2n9+TBspkV/wIfdd66KT8bVCXcmhQFOCTk5o=,breed_3,Male,Tier1,9665,273671,130,950.3
YxI8XbHsYluup/sO/8aw3yZbavbUARsumckG8iT3lRA=,breed_1,Male,Tier1,184,5700,28,598.8
TDhDTyNRC5kIs+pkRv/HVwLsRtw8duI0ZrBCJU18kfI=,breed_2,Male,Tier1,28556,5441886,141,2859.05
0/y3DCLNYLVdvHSgSK5cToLQmPQl2Yk7MTKjpqwaB8Q=,breed_2,Male,Tier1,121,3577,43,649.78
XlYIPpx/VMMQAG9QZqzHOhwUaHJ5HHBI4uS+sHYpieU=,breed_3,Male,Other,12020,591817,128,2880.25
lPSniAR1usGBwsatSIH74ImD8bgka1lnGsgQxZ8MK+Q=,breed_1,Male,Tier1,455,12846,13,189.23
GGXlWM8GxfVfz5WzQZhCai3iXx8iqiYpGgfHKRMzLIQ=,breed_3,Male,Tier1,15848,589596,25,610.76
+7wHKqFj4ssqvUNkHuSqYnXlPr6q2wD6pQvx8k/uXUQ=,breed_1,Male,Other,79698,2631403,49,429.13
TRLHwsUbepJ9OsqupfrKvDeHj5Si/9CpeSckdZHPbUk=,breed_1,Female,Tier1,2436,54188,54,13439.14
Hszdg3S7Zrtyz9XptG9sLt5rs2sTvF+qHPfWsRm/DYw=,breed_2,Male,Tier1,956,18986,25,
NPK7nHPiN/nLWS4t/ayPRsz6nfkBA3fgQPULSkFcrOY=,breed_1,Male,Tier1,5327,224470,41,473.79
/bivZqRR2CykUjQ5zAyfL8Bw2eBYw8/ZTJRS+POk8O8=,breed_3,Male,Tier1,1116,37339,117,2064.7
VJ3npazrTW8H3ApCTgPiikQt/A1K1u6eBIs9/YoXyfg=,breed_1,Male,Tier1,962,145773,12,219.82
DwhLYd4ZeDtlpqkLEtsikieXeQVhiVXB6/SOWGEh2WM=,breed_1,Male,Tier1,2445,246293,52,1432.32
yKUJXqqnuVYZeuHq1C5Eybm0Y7RvbMwZgcMaCT16uIw=,breed_1,Male,Tier1,34086,666069,61,513.77
kXieG02hCxuUGUL8oDxFwY1hAed1lJtUWgpihGmkEQ4=,breed_1,Male,Tier1,19763,919217,160,2515.04
er1whogUp7xwwsj5MMskNShBvIvxSE98DjclWtwkoMA=,breed_2,Male,Other,366941,5071178,124,649.97
6/+DglEFC0PbGpzRXb/WQw+mMpyNWMlV0GnCuKW/fwM=,Mix,Female,Tier1,8624,402016,209,11983.75
P/XBLwBE4T9H1csP1K+9I6yJTFxDPh77oodEHtlmQ4U=,breed_3,Male,Tier1,8263,380134,11,94.0
mHARMLmW1m/n5iFVAAMdC1hkfMhMSTLMqiHhgVFpIUs=,breed_3,Male,Other,1412306,47598449,2985,27970.72
NImC3EsPrhV2hOPHinPMPoVZs8joskajo8s8kQEBBng=,breed_3,Male,Tier1,4279,136949,141,2191.14
482DzhV+d7log4MsGEPMybU1tmZv1TvzryYxsV7eco4=,breed_1,Male,Tier1,4766,235734,31,1225.65
+B8k8Qko6l4dO0obFJ7GXL6VEM5rG6uJnQJTsHFGB/k=,breed_2,Male,Tier1,3360,82738,18,494.15
qc71fszIPXcMUznoCrPZ7yqgvTbAnsl6hyvp+X/GLXk=,breed_2,Male,Tier1,16407,401987,82,2182.46
Qvz+X7wfsW8xfpF+PG5dBASETtGcptuTfeolSMLsFtk=,breed_2,Male,Tier1,5078,251565,52,1568.77
g/95MN4+etsA30YEGNakFfosZx0L/7/ohjAY+Tuqdwo=,breed_2,Male,Tier1,518,16328,23,695.05
vFGEXVADYld/uCYCsQ+qyJKba8rDeQNnjvoMcsBwJug=,breed_2,Male,Tier1,111,5499,12,267.0
/g74Mq7nur9IlVgEO30RwlhUmW+027bhwy+wpFyjfiA=,breed_1,Male,Tier1,74,1432,16,440.16
mM2tLjjDcj1XKO/E3QG9RwAyhuX7V/bxqeFu/078qJg=,breed_1,Male,Tier1,2124,303996,12,375.73
SKuVhB/9kIIQfjdJoORyupw7cLqCkWyK9f3hV+P+RxE=,breed_2,Male,Other,95,5563,20,263.7
xxzKNnzRBnNo3BTxZ7PkscIrbTD82Kf1iwjD/Kjdzjc=,breed_2,Male,Tier1,4402,87033,71,869.63
nEV290bdqiSjUMiQAw/U4AHM6aFIU73DCqWHwXuUj/A=,breed_1,Male,Tier1,576,21959,16,297.99
2tY+ZnOb+fhEE3riiDB7WUqgmYwDK1AQsbGmysAqIg8=,breed_1,Male,Other,1012,22302,13,91.08
+9eRzK6WQd62bleEx4bYfMzHEimU1hU7WoEuj8QeG1o=,breed_1,Male,Tier1,4349,64490,48,1288.34
0XJQTFJK3tQNi21n3psq6Sw9cZXugSLVbycD8yLLfjA=,breed_3,Male,Tier1,4000,829390,40,1032.73
C/4VTHinHRulVOmGOsVx6FWaZB0cVPaH38mGh2MAQOE=,breed_2,Male,Tier1,48507,411564,323,3341.67
XlYIPpx/VMMQAG9QZqzHOhwUaHJ5HHBI4uS+sHYpieU=,breed_3,Male,Tier1,6232,249184,57,2149.17
8EvG4JUPMHnAyYZ8BP/CDXU9KniNK6i+oNJZVPykdYw=,breed_2,Male,Tier1,5135,410196,49,1266.16
fUgYfS0BYktIe+XrKDWrhCg0FoTqH7bNdhsG+ioWZQQ=,breed_1,Male,Tier1,10430,129615,153,5465.55
3VofSl/aSdAKY9olMFzA1AZ04bcGtJeBmiQPWAU1xms=,breed_2,Male,Tier1,631,15217,19,519.94
JbJdNJfdYFCUoyxAbvcXmFcfua4oM4pHb5frhXVAmZM=,breed_2,Male,Other,692,39636,23,773.92
ISsO+8Ftknc7vQI2ZzWpHFI+3qaPEZ1bcsFn58nVWl8=,breed_3,Male,Tier1,14313,184626,34,478.36
9BPqaI8J59WXB7tLTJGx+4OUF6SQrKNeyzOqD4QKcJA=,breed_2,Male,Other,252,4959,42,452.91
I6DN4XZMu1S0qPK3DBscX20+f8MxJP9TxHh8qahvY1M=,breed_2,Male,Tier1,9133,185326,260,15051.96
GZgdZ5V4DpcxyZL2EZrPi8HP1nG/nyJnfxLClyW7ym4=,breed_2,Male,Other,2932,65153,20,292.17
h4GxlUQXhPozYfp3chfnzs/PgkA9IMzB82cuo7Qqo4g=,breed_3,Male,Tier1,5523,920520,38,860.02
C7nhddlfaVsKWyI9Z15OnakPJ4w/nUB9BAdcC/3JIAk=,breed_2,Male,Tier1,5856,215709,11,112.31
GBMT1F7e4VyG4izUFD1LoR00ZUJ9ILhkjU34bWz/97k=,breed_1,Male,Other,40127,667108,64,546.82
yFhjM4GcKLP3g7xe59VWWMbJapbF2GJ5n3eTv2mB9V8=,other,Female,Tier1,6450,290188,46,1169.5
VJ3OMJC+vAA3uTRKa0qy2h1Bb+gtToBDwA7YdkHTCSs=,other,None,Tier1,14372,433026,41,1206.95
HlfHDXDMj7L3k1prSZx0KdNYBwWip46/r0kdzcViSJA=,breed_3,Male,Tier1,3097,72993,51,1248.27
a9dz6+DGiIvfEu801gk5dxu87eBlLysyY+p/vHzOI/c=,breed_1,Male,Tier1,2212,108130,49,712.84
77iGi9DpBepueUG7EEOdo5aTaFnyF/HVx4E5tr3RWyI=,breed_2,Male,Tier1,27,1145,14,2897.45
lWrvujpQmPE2Ep1OfW9STPmG1q4I+TOgWWRWqM6McWQ=,breed_1,Male,Tier1,79259,1261671,1290,16119.58
sV0MsYmauc3MKUTzPLjcWqUQRcHw0ripxlps96GqTAw=,breed_2,Male,Tier1,2280,79225,68,989.18
kpLKcRwcz4rYAXzeZ5j14UsVhLxdTTl7jM+/D3pv/as=,breed_3,Male,Tier1,524,10244,24,532.5
aYTuM6aVuUQRKQitTGpk6PNmrW1lHjG6Lr2omC4B9JQ=,breed_2,Male,Other,3217,96735,291,3873.14
brunhKOJYiLcBuyfElmi+FizvjQ0VBnxIy4oKc7lZPg=,breed_1,Male,Other,9629043,1008411811,5225,16081.4
0Q1t7C2p88O3kACQdiGRxm6H/UluWWlZV8G1t8oH1ik=,breed_2,Male,Tier1,17560,561419,35,70.98
3oB/0E8xVBc7/ni/xLJMrB2i6I3lLGAU32FBvFT5sDw=,breed_1,Male,Tier1,9754,175251,11,92.17
BfML7NeTjw2CfZL7ZFfq5pYf1HCZ7G4pSqpSuXyNW58=,breed_2,Male,Tier1,2755,288243,26,786.76
yntzVT3mXvT/TrGfUQ7jl40Qwoo/maZsMMu9tpTLzjA=,breed_1,Male,Tier1,360,29057,14,256.78
yYtDYuzDupLfzjTvJeZ5+eKw/YWF5qyAdV9KP+xqj6k=,breed_1,Female,Tier1,2592,147474,19,548.04
HsxM07q/hS4YjJbpSmgMgT6HjgXuGwjS0eEQJVpkJKE=,breed_1,Male,Tier1,227,9923,19,562.77
OzJeNA75KLt/MNSpuDKDVeYT97IV0ieVC+GtqJMjnlA=,breed_1,Male,Other,49973,1987180,114,1240.88
2zP3tSyjzQE2dtc07Syfy7XCIevcrSd61Vv6V8Ii0Dk=,breed_1,Male,Tier1,7601,177856,230,4207.07
/bnMrX8DEPM8znSpqT1ZU+NTARYoK2yI3rHnhIIyyrY=,Mix,Female,Tier1,73,3388,15,576.35
ojYPaJYomw6ajnDpVl3FCvrenjKhWloEgihv7YORQ4M=,breed_1,Male,Other,7207,375314,53,1766.68
4++V5xWNM4CW12/74otA6T+osAes0Ghk9+b6eQXHG/I=,breed_2,Male,Tier1,4498,398977,133,7892.36
FF94YqomFlxBN4TJUNGz+gpP8ZBWDmztEfuQ8Pu3o+k=,breed_1,Female,Tier1,1956,132949,14,646.44
N2wh0PjUY0mGH9e9zeOU/o1wYvrsfbWPydbWXU7P01I=,breed_1,Male,Tier1,8682,167822,22,577.06
9//s3F7lzO0yu3fO+xX/AMaISPk9g8WMpr80NSN5gNQ=,breed_2,Male,Tier1,50,1162,24,391.85
7rE5ZjAgXZ7ph3URd6jaFAKbomuBHEaNuiBF2vkGu18=,breed_1,Male,Tier1,379,12350,16,1380.1
xB6KRdTtAqZjeZJMENf8Q9eSh/pmq8zCKhy8OLweJ5Q=,breed_1,Male,Other,3518,175355,10,270.9
rOG2234fv2S2b0/J/KZG/l/2Lmt4z9o1uahMejLhmjk=,breed_2,Male,Tier1,1711,62236,11,396.86
WcvpdYC5HnkIYn8t7Lu0W6XbDFE9YWMEbCkR1nEyAjo=,breed_1,Male,Tier1,570,9476,15,576.49
DDtVA5nkwOKoQElik+5pIU2cR3fsU/7cUGfo3Ogd/MQ=,breed_3,Male,Other,8858,358733,421,1482.42
u+7aDpetlevvAyMFS9qSllDsJUcbbHZ6h5KzkFjGg9U=,Mix,Both,Tier1,118402,1616766,442,5988.42
r6TeJsN2YHuEwf/qGx+Wn7ysObfrwMvceV/Xz4gue6s=,breed_1,Female,Tier1,2129,85403,15,400.82
Gv3NfMwCW366tqDgl58awoqz/hGKWqwEvZSuoWhTsHk=,breed_3,Male,Tier1,36873,828283,154,5945.6
jmkXorRa9C0FDIpF+M3Cl7cQKWtK6jrkVNDq+HYpLzA=,breed_3,Male,Tier1,3101,117764,85,983.08
hO1U5BmDJwqXYfYcX/6a8dK/3mmnmtMGlEFnYghTnn8=,breed_2,Male,Other,643484,16725590,524,3294.27
1Mei9iQmVTSkl9x3Kv7vbdYnmOij/bG/w+AAtNqTQBk=,breed_2,Male,Other,4111,124555,49,374.33
tWHNGmIHpyMbUMrMhkOJrjPWggA1jB507ESJZaiUuJo=,breed_3,Male,Tier1,3623,187439,71,3341.41
Zy4EsBPVdvw5TMdqThNMJJnFEGjxdvBnqDWtAmVAGDc=,breed_3,Male,Tier1,32,3125,10,103.88
bMOkttpSN7FX7pHhdYP4ae48nol8sKjc7EnBk4C0g/4=,breed_2,Male,Other,3959,156297,12,137.21
h3EfCqteGsnA6jiSh3H1jF7Ga+AfZVQYk14MYXZZnrM=,breed_2,Male,Tier1,5686,143499,69,2496.97
C/nUp90GH4NAf4TRYYJiXMialpEw73UFi7S7UnjmdNc=,breed_2,Male,Tier1,6975,276120,17,383.98
4ogiKGEw/ZNXe20sv7L4oexf1Jr+lRWMmpidXHgWrvw=,breed_1,Female,Tier1,4705,89327,32,832.85
FyokGKE7s/tmYPDJGBfH31LB/34Ziq8hzphepKXy0E4=,breed_2,Male,Tier1,29618,421452,29,303.49
Ih0KnY7h6Z5uf+zAzRs5iPVuNYgwIxUsW1NS1aQ8Rvw=,breed_2,Male,Tier1,61159,815970,352,2563.31
u5qEM9LgmAhJr8rgFkPd2EyJvaWZUAhOaflk/H25Glo=,breed_1,Male,Tier1,3717,123618,12,289.14
lqEi1iCdB8dVPodL4MGSWHuszuMKo06n0aYEEhI1CxA=,breed_2,Male,Other,455384,10226437,632,1135.14
bAUB6yEqYM+QgwHCbWgU/oOz0ApHSirRoqz4hi1/vk0=,breed_2,Male,Tier1,1624,53505,17,395.67
oiXQ0CEw7tTiyrXZ1rEFksC/FeIMPz0m6o/A+SQaZ04=,breed_3,Male,Tier1,1237,65209,10,269.53
gzo634cCoxhAIYHQUokbTmF6t0QS5WoMeHmIeHkUlq8=,breed_3,Male,Tier1,3848,103347,15,383.37
+esWXOhbNUMLKye4n+SyxQIEl1lY7Jz36NLw75AI2B0=,breed_1,Male,Tier1,2767920,394942328,7377,136906.3
Ww+yrBsb78kx/8UGOLpoAHvBFKjkwAcgsyJFHA7Qklg=,breed_1,Male,Tier1,433,8797,34,727.72
HCUttLHufDnay1D7RDp2ybONwgLgPZ+2RSTn6RiYIMM=,breed_1,Male,Tier1,1459,37592,168,24917.42
/krLoIPXKGCFXxCp6ENaU/3enKHu7toWnaK/PwylhvM=,breed_2,Male,Other,3737,577339,13,250.06
M3721/VYzpey+wcRFlcgTFt0JsfawDGLmAKy0s5f7bA=,breed_2,Male,Tier1,10690,195565,69,1068.71
7UYWiucs2hG4ZwlCcmVIP/0C9fbqQkO704bW40LYWpY=,breed_2,Female,Tier1,3762,134628,15,435.8
C7nhddlfaVsKWyI9Z15OnakPJ4w/nUB9BAdcC/3JIAk=,breed_2,Male,Other,30378,1118989,55,569.66
4obkojUJP1Cbpkpih1Ye9ZOIRNwVBX6DCtIMOtawRvo=,breed_1,Male,Tier1,1395,120994,23,784.68
RyO1fCePV/K6m3nPvWAOTcab6orTqn/RfolFHfkwX0I=,breed_3,Male,Other,1118,58719,87,307.68
73R8ze5baeiKtdKGeRJBzXdZWxbucT4hjsLrMgH4Q4o=,breed_1,Male,Tier1,3141,253001,57,699.01
r6iGQxDiMfO0QcQ/WrdOaQeRr8qaezTTaou1Dvh51ik=,breed_2,Male,Other,61262,1410499,34,432.18
zpcwJFrOZL9WQM448JAL+UndsT2OkX3bIN8glKxGifA=,breed_1,Male,Tier1,7356,716329,128,6939.82
f+jet5ttiXNV0y/JVuPW+8MWkQz6b90ErAEovL6XYvg=,breed_2,Male,Tier1,6154,818270,70,1598.55
1qq2PgDRe6qw0GTFilY38wkROKtFoVhWaWzmFvKyZAY=,breed_2,Male,Tier1,9354,229059,36,1124.46
o9hT9PK2Dq6SfqzEXE3R75yEySP3HlIcZqvRjzPh7v8=,breed_3,Male,Other,80566,2088158,73,351.14
+esWXOhbNUMLKye4n+SyxQIEl1lY7Jz36NLw75AI2B0=,breed_1,Male,Other,17029276,2594542129,8009,44053.01
tgdKBhHLI6PpY58GPQuU1SNCCxWDSdJOpnrp9KaPZyc=,breed_3,Male,Tier1,46768,1054389,453,11543.35
EiBYpc7RaPFMCaUxaqueuEV2Zpf9CQbGYYLj5kNknJA=,breed_2,Male,Tier1,62639,2554961,355,11622.56
pxLiokMmqGDGNwDjelDP/LtSsK2lVPjkkQhdhqqqAtk=,breed_2,Male,Other,263,10934,13,286.51
Ww+yrBsb78kx/8UGOLpoAHvBFKjkwAcgsyJFHA7Qklg=,breed_1,Male,Other,1629,45475,50,674.37
rdnk3dx64vI3LkcNN7k+aCHqsiXy9BBR0prsChXf+Y0=,breed_1,Female,Tier1,40330,1116525,141,3655.95
dTdQWRa72yia8dDEnklbWZvI2vygYVpsARcjOJuSiJE=,breed_2,Male,Other,22943,606632,32,406.16
CAR4mqlORMzGrE7jk9Cwb1mOmwVr8tbnxhgIejE35yg=,breed_1,Male,Tier1,1819,45960,14,360.43
Vi+UZBTWSS2deOL/FlEgXbqp5PMg2XMRWF3qSH7i0xw=,breed_3,Male,Tier1,830,53374,43,705.74
A40Byq3609mZV/3hii153SYAJLAsmWCbKlC97qlhjo4=,breed_1,Male,Tier1,117075,6032927,1739,31228.79
dwEaEjJ+Y8T3NP/wQ2M7q1oeJgxFTGNM6v3wfLWCpnA=,Mix,Male,Tier1,22796,329353,55,1045.69
4QXKMRh7RpqpdZqpyQhXopA/X8RAJyca5/iUKO3v/DU=,breed_2,Male,Tier1,88,3372,18,2876.64
MOQA3wEZbaDDiii33dsUVRBqxBoz0aZqTi26VU2F9JU=,breed_3,Male,Tier1,2290,180190,21,517.13
5HWYHqcuExriXj/q7a9MifWqQ4SdEObddEJCeTzcgYw=,Mix,Both,Tier1,4422,410612,100,5644.51
rKGknjlIKNOgWg3tpHFx1MDEpgG5cv+mWBsX/NHZSnE=,breed_1,Male,Tier1,3783,49795,180,4922.0
UtLfpdn9Lb3MQIExebIc/ra6x5I0/aJGLjsv0IEPEos=,breed_2,Male,Other,100,2167,13,126.35
zh9X04mjKyFDOk6eUWBsJNSxQ7SawkDOwv0wr5g9Yxo=,breed_2,Male,Tier1,42627,4324297,266,6436.54
TkubznbK21XBhfcznRlJdN1jWZ7Qchd/wSXe5BI8iPk=,breed_1,Male,Tier1,775,41876,10,204.93
8F51ZLfN9C31HAXYmqO+2qK60mzukpEppyfOiM0RohU=,breed_1,Female,Tier1,3758,100653,15,567.45
WMbtbQnjN0xlze5dOQKd8VGl/Q0akX9wNfoEr5F0P3U=,breed_3,Male,Tier1,222387,24755400,1026,33437.64
PhzmyXXpy6ofc5/lTTSQS/ujacYG1CNXkinqm1ejY1M=,breed_2,Male,Tier1,13728,509213,178,3549.36
Gcd/cqWnqezJNDp8VU3GA6SO4ibACw6aBt5Wz/DyWOo=,breed_2,Male,Other,43061,2220451,35,713.56
CRp/ZcIxFIwycP9pCqKdajXTjKsK9r8SQw7bAwxTpz8=,breed_2,Male,Tier1,13414,354437,26,1026.37
Wa5TJNgOEKDJM4c73j20wkKQTm3p8B3ehfu7tPm5+0o=,breed_1,Male,Tier1,62927,4088108,452,14105.77
Vaz6ccxwH9tGpFZdzCtS/VuajSG9x5rgkaOltvMdbj8=,breed_1,Male,Tier1,759,81600,11,345.99
7LCQpYlk+qUBXV35TGTt5va51jdbJvIBpx+kiYeVNDM=,breed_3,Male,Tier1,10225,299583,29,800.4
v3RVE44ZJbThXBtWnRzsTClA3Tyl9Kqq2prHzKbfL94=,breed_1,Male,Tier1,135347,15573502,1081,28760.65
u/5Xx4acpJdvgTPLbiF+iQJinBWQbxUuZjuK/6aYVxk=,breed_3,Male,Tier1,26066,2018094,299,10084.49
5ZEIZtoTigXUxOYtUYkSVTIsH7cQL4Nb5l9FN9bX3+Y=,breed_1,Male,Tier1,7421,162232,51,1096.76
ov0Tq4YK5KqryHUpUbXs/Mc+LaX9W7MIlp+Y2QBrYpw=,breed_2,Male,Other,4279,85247,65,350.02
xpeG/CuAMpp4V9yv8xIjlQWUeCOyjoMWb2QAja2A8sY=,breed_2,Male,Tier1,10612,441715,12,99.45
aWIPpzRjJ//Eavf5/JRM5o7Nssux/ZRP4O/p+y//U8k=,Mix,Female,Other,1962,123733,36,1955.7
VWZziokRrMEIxw/KTK2AzbrgIGwdAf6SoHExZ1jRpds=,breed_1,Male,Tier1,163537,3122264,607,15903.3
lktkHzP8sR+Bqkoh47ocys2iT6FOEr8pcPG/IlSImmE=,breed_3,Male,Tier1,1243,241172,20,492.91
oljoOqrtBcj9Sg23Yk1FOHvGWVer/RBmircd6zPDbCE=,breed_3,Male,Tier1,3678,107589,130,1056.16
6hjvKAnyc6/pkjvv20UfpNTO4haN/EPx5nuSjgTjLN0=,breed_1,Male,Other,230,16189,24,191.71
j2NdsvXIq4RXTgyZlCJBn9ryoZnxjcN3AFeBSbPFjfY=,breed_2,Male,Tier1,25753,563921,52,1226.35
OzzzUfAzWDs1OE6nCWYWaKxhMTB8TONA1jebmpvIvrI=,breed_1,Male,Tier1,1186004,82623764,2570,34990.28
jiNVWg6rcM37pPOi4Gr3fCUha6kRfOLnnaQp4WBWGHM=,breed_1,Female,Tier1,1280,141146,15,653.51
+clCymm92VskruUIJ0JvcIM6jCp2USBLzLjDZ0/Gpqs=,breed_3,Male,Tier1,24662,3299444,98,3474.87
Z28Dhh7FSwXkQaU1jZFgWmExKJvmkaqjJE7sHc0ANwY=,breed_1,Male,Tier1,5320,736063,140,2584.64
KU/wGXxhaW6b2YLfuAGhlbyXAvfBLstGmZIfRTBVOfk=,breed_1,Male,Tier1,194,7584,10,216.89
MzPvqPrMLgNFFbq7XMmUsJOYTKUrxT9MU1DRYjXM14k=,breed_1,Male,Tier1,2477,181316,181,3675.39
7IfYW86Ii/0p3sIB8j4Qkdr1v8dOSM4WazyAlmkg3Gs=,breed_2,Male,Tier1,202,4667,19,431.38
3Pn66bZkS70haPOP1l4kvQU72ksu5RB/9rSryH/20nE=,breed_1,Male,Other,3318,156051,164,5172.46
PTn95D+DpdSg46IsOmdRhhMU9oC1S4MJPAP/Y6xuWqs=,breed_1,Male,Tier1,43843,575275,386,6497.38
ov0Tq4YK5KqryHUpUbXs/Mc+LaX9W7MIlp+Y2QBrYpw=,breed_2,Male,Tier1,755,15044,11,61.81
mgjAAIphCi5XD5Mb2GSREvQd15GdLjr5wehR3HquT/A=,Mix,Male,Tier1,1230,67867,23,244.32
Gv3NfMwCW366tqDgl58awoqz/hGKWqwEvZSuoWhTsHk=,breed_3,Male,Other,21396,1187992,205,4662.89
5lFoNw+k9A9FLURVpRjLkOhj/KXzD6sQEQTeuoDhNqE=,breed_1,Male,Tier1,1239,134102,14,492.24
qgnQfYx5ufWFSBYEtnPB3yRfA8HM1ZDaXL0FWShKzxw=,breed_2,Male,Tier1,473,16261,19,450.55
1Gp7m21M37IelslImK7bqRJy80IRccvJySUpsrsjWhA=,breed_1,Male,Tier1,39976,3123453,317,6762.67
8SIGH5f0IglSR6NLxrSI3yv78/RPNpG4HhHk/jiC1EQ=,breed_3,Male,Tier1,21914,1608369,117,3562.07
4bFHLkSCa21RoZ0+rQ39j4R1Yl8EFvox73Rr9DwXEk8=,breed_1,Male,Tier1,1227,33566,58,1655.63
P/XBLwBE4T9H1csP1K+9I6yJTFxDPh77oodEHtlmQ4U=,breed_3,Male,Other,34555,1589650,46,409.81
NrbJjvtxwFGswj9DqCGxj0fe38JBT6+XLMHroQvVSCk=,breed_1,Male,Tier1,3224,123906,13,502.11
S6I9Tx/HoL0/KDxSluBxBouyW0bFU54Se+R3UVQho2A=,breed_2,Male,Tier1,3194,239743,37,1085.98
27B5ipqcKySqxXLz0mpdxMqmJFc23YVG87H+LDqdlOE=,breed_2,Male,Tier1,4037,112289,12,254.14
DHA2GK6niJm0t5hGCyUXF7NNyhm14IhRf/KsRWBargs=,breed_1,Male,Other,774,46169,19,792.96
6Hr1t11k9cvvOmQ8zhPVaifGVR7mh/86TxgsZtWYiXM=,breed_2,Male,Tier1,2978,451542,25,670.13
8iwLaPAF7uxA8BoJrlAhFMAh25s1+wjifm2JXX6eIG8=,breed_1,Male,Tier1,127823,6622689,964,12763.64
p8BbocTut2NS9K07E6QVIe8GqsKvkhwBN3iUPffsRgc=,breed_2,Female,Tier1,1877,70820,15,572.91
bn+6juu0tW2ZsNqWVy+EX42zbozKg+u+IoGq8yJiXfA=,breed_1,Male,Tier1,1382,96665,23,841.29
/nz1sKz82ngLqRxF/VI52LGvs9RtmEd5FVjnbDf4ddk=,breed_2,Male,Other,202948,2527040,42,649.39
chDfIz5/Ru1mUPDPUcP6Pw9xQ23TGbu1rXkTRj/iaE4=,breed_1,Female,Tier1,396,29909,15,462.04
oGDGOPRfn61s5wGjwRE3sHg+NFUf/mPhBujwgZcNjBQ=,breed_2,Male,Other,77570,2587905,80,482.87
DtO1cf5NGOY3Vy+5GcuYBWC43q9AF3jnPcsxShNe70A=,breed_3,Male,Tier1,106584,5220425,2964,39819.0
QeuA5T8eebrJ7+tdz8uqteJMc4NbzbbPvS6QQhBy1vQ=,breed_3,Male,Tier1,1687,156640,85,1165.47
eBf2T3MqSU4AobLdLNarcYocxA8G3QskgAQTSikdyn8=,breed_1,Male,Other,456,19274,11,209.32
dKXO7dWH/6vOIowWTGyj2vaCGqgBRu8bfEoG0Tyc/AA=,breed_1,Male,Tier1,2572,133515,41,949.65
fAGd7YshwrC3LOfWAcDoUHivZ15Xbik1bsDbpBGGr/E=,breed_1,Male,Tier1,1127,32747,18,432.22
yOyi0z3UMCD9IVqyyKUy2o/UePiaGB/QSNKmJRGbnO0=,breed_3,Male,Tier1,83094,12788582,646,12372.83
4PoTBTjtwmBbAdMSw8R77B7R5ptGHWimaZXtHnPVLws=,breed_1,Male,Tier1,14961,1782120,96,1928.39
t4ORm/z/h+OMe73jPbi5SuhdkCyk90VHy2sHcbmy+Ok=,breed_3,Male,Tier1,4424,400765,59,1700.98
L1NcipHo5qd5LsiFypSm+Pp0Q3Yo23po2POIC6vlnsM=,breed_1,Male,Tier1,134,3426,26,2579.36
Y16mSiZ8OAbilNxchU9i2DdXDDgRU/6DUGu7yPLdEWE=,breed_1,Male,Tier1,335,6454,14,566.49
tbRyLCb4t/qKMQl8NUpCRwTwjtrF0vwaxkqAZrFwGw4=,breed_3,Female,Tier1,919,35461,10,383.32
HKp5VoyWhA8yqhlUU9/HUSDaZYRiNyBQuLuXT/OoR7A=,breed_3,Male,Tier1,71,1597,23,577.69
mPJOg+6xEYXhdaiBMYZYchsmGz4qEMAlWaR0NnUkK1w=,breed_1,Male,Tier1,9542,737054,74,1404.93
7cvxOusaayjcQfh4ssNg5E59fifbJo0F1m0rwM2pqVg=,breed_1,Female,Tier1,4414,402882,102,5641.02
yJunXV0FZqr32uyt9QMR/iS7QzwQvSk78fYFm+K/HGo=,breed_1,Male,Tier1,6147,102595,25,327.55
RGylIfLNEr4ttUFdkpRT++eUeD4vNIR14OSb/WlXokk=,breed_1,Male,Tier1,21908,2379005,218,7488.29
lFNtt9WKm0KEu+7+I8cj39NuPTsjcdBPxu6sZ4s9ykQ=,breed_1,Male,Tier1,1154,187830,11,184.46
cc1YAbNpN3OZzEpHROQWbOFrAcd12wdH4MHQ/BvIJuY=,breed_3,Female,Tier1,393,8590,20,682.92
iRonpG1xQU2z+0laZO9eU9unoANHDmWpwIQL+wB6+ck=,Mix,Both,Tier1,2489,38299,24,279.07
KM/esGKgkLqJWKpyR+C67FHoI7dGjk06T2lqLm4v/xo=,breed_3,Male,Tier1,6840,108285,33,375.81
no0DSRKNXNPoq9cGOyDQ+PEPlEv8RzM4MtRkkp8DBnQ=,breed_1,Male,Tier1,482,14080,14,383.47
+F1+TPl3xaqGeq0Pqh4rC69d8H0Cfwq0xoWnx3HO3LM=,breed_2,Male,Tier1,5119,128891,19,763.63
cO6H57U4MGlANQo60qdGB9E6YBzpdJz4rbnD1SZNGoU=,breed_2,Male,Other,3014,118254,13,62.42
cj9brA5HFwrQhzmhOAWvqUKyRBl6sjwk9yFHIlTdtk8=,breed_1,Male,Other,14037,1008685,10,310.37
8fwiSDLAcAgrVEC0g5n9OrH11gfm+rumtsTrHH9G+wE=,Mix,Female,Tier1,4902,240061,83,1526.4
+/P5TIcmQ7E0lLzadmzzJeqvYe+9lDBmcxxaiH1jVdc=,breed_1,Male,Tier1,348711,9014531,274,2937.84
T6osG4mMBX1R10i6hTu+UviMA93B+ZFhBdod7BFMyuA=,breed_1,Female,Tier1,2967,127889,18,1050.7
7KtAZmLmsAb8iC33CTjvuqOVZfZMGrKB12UEzGFsZ6Y=,breed_2,Male,Tier1,448,5564,21,265.04
uNAGNWfeyuaqEE9V1ICCqL3vjk2w9DsPJ9plVF1zanQ=,breed_3,Male,Tier1,13703,542148,40,987.55
7P1WBFe/BH2I+9E1E48mjj07oHe4CMxYnCV7PWKVyeE=,breed_1,Male,Tier1,564,8393,29,878.85
rHh9HcTwBwvWIFRxmv5nuLs7I54aZF007wPYcMFWesU=,breed_1,Male,Tier1,2184,65780,71,725.19
gXeMpM8qNeMlo0sUvQQvF+GMLIOe2Dtr/GsZQi0ghFE=,breed_3,Male,Tier1,18365,488745,85,5055.34
ns3vgxvfk3AMuShnHL9yDkGk66aa3z+QFDMhF03XhPM=,breed_3,Male,Tier1,465727,10586720,4268,64478.48
sPOYxzAuNse2TLTHdLwI7xqwPTb7Iycty97dFy5lhqQ=,breed_3,Male,Tier1,8779,175175,41,568.43
zt54w7aydEDJi+BGDFgsa1u/Jqf2Zf+565bO6EncI6s=,breed_1,Male,Tier1,3371,62339,14,363.54
m6peDy7wJEsU3QJ4OU4Z59sWWLIDUHRe45WTIGd9Vek=,breed_1,Male,Other,163159,22504596,109,487.82
MkipCeyElDc3bL4NEJNHG9d+pIBwOfZay79brqKSwyU=,breed_1,Male,Tier1,282,35383,10,197.77
9C5qqoxcEgw8BA3oFyh2pBnSg7V8Escx6HEB9+rQhKw=,breed_1,Male,Tier1,5190,1047139,35,756.2
k66NEhCj45nQesZQO+dyRlCGoJRvE9gacw2oWp31AWc=,breed_2,Male,Other,9219,346301,23,288.14
u+nVuFufyff+6OLF2QBBPKMuqbYjAZQqo7V8b0a1Wrk=,breed_3,Male,Tier1,2205,85255,53,1210.66
W9uyGBFgJ9CYSrxWJwbsCl/OTLB4r4uFwtqjXCUlr8Q=,breed_2,Female,Tier1,2785,201301,63,885.28
dHvy2ByzNz3SwTcGNhGhY/vm3IwOj23ctXc/7cf8GKY=,breed_1,Male,Tier1,17335,501819,409,4047.47
v3FVPNWB8IRaSvgZJoR7QlAcF1kn6K1ODH9efXscfrM=,breed_2,Male,Tier1,2227,159855,79,1754.88
fJjK5kqv2jhzlcpD+mcG5H9jUJYH/GvOGogC+mIlq/k=,breed_1,Male,Tier1,7358,642380,186,12349.7
X1prnHcNp7oTk8Rbfsxe8LTVeEx0mEdKAx5FbC2GzpM=,breed_1,Male,Tier1,372,10431,65,6481.49
71ISDibWel051dPwEFdUdexwGk0iEyreDbSFPTLWzbU=,breed_3,Male,Tier1,1048,27433,15,88.04
deKQfdWftO/GlZy0SViK4LDAHvk8M6T1uhFEW5MXQpE=,breed_3,Male,Tier1,29156,708552,52,762.16
p0zpNfGNcsyYrh0pdYXgBOu4v0GckKDFqAYHH0kXan4=,Mix,Both,Tier1,1910,28420,15,201.65
3+XJeH5NUYv/T7pL3D0rCcJtjYZG8c15pKvLuKBB1Qs=,breed_1,Male,Tier1,80502,6818978,1070,25817.76
A40Byq3609mZV/3hii153SYAJLAsmWCbKlC97qlhjo4=,breed_1,Male,Other,2215,63064,21,355.8
wsl9RcCAdlmDsm6fG+Si4Rv8vkZ3g+d9YsT2c8B/8Mw=,breed_2,Male,Tier1,2365,203883,19,375.33
LZnQtsoKgGdZNI72IWbdkWeJmpTF+aNCuqMsVb0emf0=,breed_2,Male,Tier1,53,2981,12,330.93
twQhFDd16sHYTFl60IMGdcjSLpwNGQ3U+RgsYYACnhg=,breed_2,Male,Other,400,25191,11,466.97
xM08mEqi6RkUZj6IJeC0Osqpzw8b+8qkSUKQTuJk9YY=,breed_1,Male,Tier1,5968,189003,15,608.68